,flight_no,departure_airport,arrival_airport,aircraft_code,duration,days_of_week
0,PG0001,UIK,SGC,CR2,02:20:00,{6}
1,PG0002,SGC,UIK,CR2,02:20:00,{7}
2,PG0003,IWA,AER,CR2,02:10:00,"{2,6}"
3,PG0004,AER,IWA,CR2,02:10:00,"{3,7}"
4,PG0005,DME,PKV,CN1,02:05:00,"{2,5,7}"
5,PG0006,PKV,DME,CN1,02:05:00,"{1,4,6}"
6,PG0007,VKO,JOK,CN1,02:10:00,"{1,2,3,4,5,6,7}"
7,PG0008,VKO,JOK,CN1,02:10:00,"{1,2,3,4,5,6,7}"
8,PG0009,JOK,VKO,CN1,02:10:00,"{1,2,3,4,5,6,7}"
9,PG0010,JOK,VKO,CN1,02:10:00,"{1,2,3,4,5,6,7}"
10,PG0011,IAR,TOF,CR2,03:50:00,{7}
11,PG0012,GDZ,VKO,CR2,01:45:00,"{2,4,6}"
12,PG0013,AER,SVO,773,01:45:00,"{1,2,3,4,5,6,7}"
13,PG0014,TJM,URJ,SU9,00:25:00,"{1,2,3,4,5,6,7}"
14,PG0015,SVO,VKT,CR2,02:40:00,"{3,6}"
15,PG0016,VKT,SVO,CR2,02:40:00,"{4,7}"
16,PG0017,NJC,ULY,CR2,02:30:00,{3}
17,PG0018,ULY,NJC,CR2,02:30:00,{2}
18,PG0019,DME,UUA,CR2,01:20:00,"{1,2,3,4,5,6,7}"
19,PG0020,UUA,DME,CR2,01:20:00,"{1,2,3,4,5,6,7}"
20,PG0021,KJA,UKX,CN1,02:40:00,"{1,2,3,4,5,6,7}"
21,PG0022,UKX,KJA,CN1,02:40:00,"{1,2,3,4,5,6,7}"
22,PG0023,OSW,KRO,CN1,02:10:00,"{2,4,7}"
23,PG0024,KRO,OSW,CN1,02:10:00,"{2,4,6}"
24,PG0025,VKO,OSW,CR2,02:10:00,{7}
25,PG0026,OSW,VKO,CR2,02:10:00,{7}
26,PG0027,NYM,IKT,CR2,03:15:00,"{3,6}"
27,PG0028,IKT,NYM,CR2,03:15:00,"{1,4}"
28,PG0029,DME,PEZ,CN1,01:45:00,"{1,2,3,4,5,6,7}"
29,PG0030,DME,PEZ,CN1,01:45:00,"{1,2,3,4,5,6,7}"
30,PG0031,PEZ,DME,CN1,01:45:00,"{1,2,3,4,5,6,7}"
31,PG0032,PEZ,DME,CN1,01:45:00,"{1,2,3,4,5,6,7}"
32,PG0033,ESL,GDZ,CN1,01:45:00,"{2,6}"
33,PG0034,GDZ,ESL,CN1,01:45:00,"{3,7}"
34,PG0035,MJZ,CNN,CN1,02:50:00,"{1,2,3,4,5,6,7}"
35,PG0036,MJZ,CNN,CN1,02:50:00,"{1,2,3,4,5,6,7}"
36,PG0037,CNN,MJZ,CN1,02:50:00,"{1,2,3,4,5,6,7}"
37,PG0038,CNN,MJZ,CN1,02:50:00,"{1,2,3,4,5,6,7}"
38,PG0039,KZN,KVX,SU9,00:25:00,"{1,2,3,4,5,6,7}"
39,PG0040,KVX,KZN,SU9,00:25:00,"{1,2,3,4,5,6,7}"
40,PG0041,SVO,NFG,CR2,03:00:00,"{2,4,6}"
41,PG0042,NOJ,LED,CR2,03:20:00,"{4,7}"
42,PG0043,SVO,IJK,CR2,01:25:00,"{1,2,3,4,5,6,7}"
43,PG0044,IJK,SVO,CR2,01:25:00,"{1,2,3,4,5,6,7}"
44,PG0045,DME,GRV,CR2,02:05:00,"{1,2,3,4,5,6,7}"
45,PG0046,GRV,DME,CR2,02:05:00,"{1,2,3,4,5,6,7}"
46,PG0047,OVB,KLF,SU9,03:55:00,{1}
47,PG0048,KLF,OVB,SU9,03:55:00,{1}
48,PG0049,VKO,GDZ,CR2,01:45:00,"{2,5,7}"
49,PG0050,VKO,PES,CR2,01:00:00,"{1,2,3,4,5,6,7}"
50,PG0051,PES,VKO,CR2,01:00:00,"{1,2,3,4,5,6,7}"
51,PG0052,VKO,HMA,CR2,02:45:00,"{1,2,3,4,5,6,7}"
52,PG0053,HMA,VKO,CR2,02:45:00,"{1,2,3,4,5,6,7}"
53,PG0054,DME,TBW,CN1,01:15:00,"{1,2,3,4,5,6,7}"
54,PG0055,DME,TBW,CN1,01:15:00,"{1,2,3,4,5,6,7}"
55,PG0056,TBW,DME,CN1,01:15:00,"{1,2,3,4,5,6,7}"
56,PG0057,TBW,DME,CN1,01:15:00,"{1,2,3,4,5,6,7}"
57,PG0058,SCW,NBC,CN1,02:20:00,"{1,2,3,4,5,6,7}"
58,PG0059,SCW,NBC,CN1,02:20:00,"{1,2,3,4,5,6,7}"
59,PG0060,NBC,SCW,CN1,02:20:00,"{1,2,3,4,5,6,7}"
60,PG0061,NBC,SCW,CN1,02:20:00,"{1,2,3,4,5,6,7}"
61,PG0062,SVO,SKX,CR2,00:45:00,"{1,2,3,4,5,6,7}"
62,PG0063,SKX,SVO,CR2,00:45:00,"{1,2,3,4,5,6,7}"
63,PG0064,VKO,UUD,319,05:50:00,"{1,4,6}"
64,PG0065,UUD,VKO,319,05:50:00,"{1,4,6}"
65,PG0066,SVO,STW,CR2,01:45:00,"{1,2,3,4,5,6,7}"
66,PG0067,STW,SVO,CR2,01:45:00,"{1,2,3,4,5,6,7}"
67,PG0068,SGC,HTA,CR2,03:40:00,"{3,6}"
68,PG0069,HTA,SGC,CR2,03:40:00,"{3,6}"
69,PG0070,ABA,TOF,CN1,01:35:00,"{1,2,3,4,5,6,7}"
70,PG0071,TOF,ABA,CN1,01:35:00,"{1,2,3,4,5,6,7}"
71,PG0072,DME,BAX,SU9,03:55:00,"{2,4,6}"
72,PG0073,KRR,NOZ,733,04:55:00,{6}
73,PG0074,TOF,IAR,CR2,03:50:00,{1}
74,PG0075,DME,EYK,CR2,02:35:00,{1}
75,PG0076,EYK,DME,CR2,02:35:00,{2}
76,PG0077,LED,CEE,CN1,01:25:00,"{1,2,3,4,5,6,7}"
77,PG0078,LED,CEE,CN1,01:25:00,"{1,2,3,4,5,6,7}"
78,PG0079,CEE,LED,CN1,01:25:00,"{1,2,3,4,5,6,7}"
79,PG0080,CEE,LED,CN1,01:25:00,"{1,2,3,4,5,6,7}"
80,PG0081,KYZ,KEJ,CN1,02:15:00,"{2,6}"
81,PG0082,KEJ,KYZ,CN1,02:15:00,"{3,7}"
82,PG0083,OVB,PYJ,CR2,02:50:00,{1}
83,PG0084,PYJ,OVB,CR2,02:50:00,{1}
84,PG0085,DME,LPK,CN1,01:05:00,"{3,5,7}"
85,PG0086,LPK,DME,CN1,01:05:00,"{2,4,6}"
86,PG0087,DYR,KHV,319,04:05:00,{3}
87,PG0088,KHV,DYR,319,04:05:00,{6}
88,PG0089,SVO,OVS,SU9,02:10:00,"{1,2,3,4,5,6,7}"
89,PG0090,OVS,SVO,SU9,02:10:00,"{1,2,3,4,5,6,7}"
90,PG0091,RGK,STW,733,04:30:00,{2}
91,PG0092,STW,RGK,733,04:30:00,{2}
92,PG0093,SVO,USK,CR2,02:10:00,{2}
93,PG0094,USK,SVO,CR2,02:10:00,{1}
94,PG0095,DME,URJ,SU9,02:15:00,"{1,2,3,4,5,6,7}"
95,PG0096,URJ,DME,SU9,02:15:00,"{1,2,3,4,5,6,7}"
96,PG0097,CEK,SWT,CN1,03:40:00,"{1,2,3,4,5,6,7}"
97,PG0098,SWT,CEK,CN1,03:40:00,"{1,2,3,4,5,6,7}"
98,PG0099,VKO,NYA,CR2,02:30:00,{1}
99,PG0100,NYA,VKO,CR2,02:30:00,{2}
100,PG0101,NFG,SVO,CR2,03:00:00,"{2,4,6}"
101,PG0102,SVX,KGP,CN1,03:10:00,"{1,2,3,4,5,6,7}"
102,PG0103,SVX,KGP,CN1,03:10:00,"{1,2,3,4,5,6,7}"
103,PG0104,KGP,SVX,CN1,03:10:00,"{1,2,3,4,5,6,7}"
104,PG0105,KGP,SVX,CN1,03:10:00,"{1,2,3,4,5,6,7}"
105,PG0106,VKO,ULV,SU9,00:55:00,"{1,2,3,4,5,6,7}"
106,PG0107,ULV,VKO,SU9,00:55:00,"{1,2,3,4,5,6,7}"
107,PG0108,GDX,MRV,763,08:45:00,{4}
108,PG0109,MRV,GDX,763,08:45:00,{7}
109,PG0110,UCT,TJM,CR2,01:20:00,"{1,2,3,4,5,6,7}"
110,PG0111,TJM,UCT,CR2,01:20:00,"{1,2,3,4,5,6,7}"
111,PG0112,DME,NNM,CR2,02:10:00,"{1,4,6}"
112,PG0113,NNM,DME,CR2,02:10:00,"{2,5,7}"
113,PG0114,LED,NOJ,CR2,03:20:00,"{3,6}"
114,PG0115,BQS,KHV,SU9,00:50:00,"{1,2,3,4,5,6,7}"
115,PG0116,KHV,BQS,SU9,00:50:00,"{1,2,3,4,5,6,7}"
116,PG0117,BAX,DME,SU9,03:55:00,"{1,4,6}"
117,PG0118,DME,EGO,SU9,00:45:00,"{1,2,3,4,5,6,7}"
118,PG0119,EGO,DME,SU9,00:45:00,"{1,2,3,4,5,6,7}"
119,PG0120,SVO,MJZ,733,05:45:00,"{1,2,3,4,5,6,7}"
120,PG0121,MJZ,SVO,733,05:45:00,"{1,2,3,4,5,6,7}"
121,PG0122,ROV,NBC,CR2,01:45:00,"{1,4,6}"
122,PG0123,NBC,ROV,CR2,01:45:00,"{2,4,7}"
123,PG0124,DME,NSK,SU9,03:50:00,"{1,2,3,4,5,6,7}"
124,PG0125,NSK,DME,SU9,03:50:00,"{1,2,3,4,5,6,7}"
125,PG0126,VKO,SLY,CR2,02:50:00,"{1,2,3,4,5,6,7}"
126,PG0127,SLY,VKO,CR2,02:50:00,"{1,2,3,4,5,6,7}"
127,PG0128,SVO,ASF,CR2,01:50:00,"{1,2,3,4,5,6,7}"
128,PG0129,ASF,SVO,CR2,01:50:00,"{1,2,3,4,5,6,7}"
129,PG0130,KUF,URS,CN1,03:05:00,"{1,2,3,4,5,6,7}"
130,PG0131,URS,KUF,CN1,03:05:00,"{1,2,3,4,5,6,7}"
131,PG0132,LED,VOZ,CR2,01:30:00,"{1,2,3,4,5,6,7}"
132,PG0133,VOZ,LED,CR2,01:30:00,"{1,2,3,4,5,6,7}"
133,PG0134,DME,BTK,319,05:05:00,"{1,2,3,4,5,6,7}"
134,PG0135,BTK,DME,319,05:05:00,"{1,2,3,4,5,6,7}"
135,PG0136,DME,NAL,CR2,02:00:00,"{1,2,3,4,5,6,7}"
136,PG0137,NAL,DME,CR2,02:00:00,"{1,2,3,4,5,6,7}"
137,PG0138,VKO,RTW,CR2,01:05:00,"{1,2,3,4,5,6,7}"
138,PG0139,RTW,VKO,CR2,01:05:00,"{1,2,3,4,5,6,7}"
139,PG0140,SVX,KXK,763,06:15:00,"{3,6}"
140,PG0141,KXK,SVX,763,06:15:00,"{3,7}"
141,PG0142,DME,TOF,SU9,03:50:00,"{2,4,6}"
142,PG0143,TOF,DME,SU9,03:50:00,"{2,4,6}"
143,PG0144,DME,PKC,763,08:50:00,"{1,4,6}"
144,PG0145,PKC,DME,763,08:50:00,"{1,3,6}"
145,PG0146,VKO,OGZ,SU9,02:00:00,"{1,2,3,4,5,6,7}"
146,PG0147,OGZ,VKO,SU9,02:00:00,"{1,2,3,4,5,6,7}"
147,PG0148,UFA,REN,CR2,00:25:00,"{1,2,3,4,5,6,7}"
148,PG0149,REN,UFA,CR2,00:25:00,"{1,2,3,4,5,6,7}"
149,PG0150,MRV,MCX,SU9,00:30:00,"{1,2,3,4,5,6,7}"
150,PG0151,MCX,MRV,SU9,00:30:00,"{1,2,3,4,5,6,7}"
151,PG0152,SVO,MMK,SU9,01:55:00,"{1,2,3,4,5,6,7}"
152,PG0153,MMK,SVO,SU9,01:55:00,"{1,2,3,4,5,6,7}"
153,PG0154,TJM,ARH,CR2,02:15:00,"{1,3,6}"
154,PG0155,ARH,TJM,CR2,02:15:00,"{2,4,7}"
155,PG0156,LED,NJC,CR2,03:35:00,"{1,2,3,4,5,6,7}"
156,PG0157,NJC,LED,CR2,03:35:00,"{1,2,3,4,5,6,7}"
157,PG0158,SVO,BZK,SU9,00:30:00,"{1,2,3,4,5,6,7}"
158,PG0159,SVO,BZK,SU9,00:30:00,"{1,2,3,4,5,6,7}"
159,PG0160,SVO,BZK,SU9,00:30:00,"{1,2,3,4,5,6,7}"
160,PG0161,BZK,SVO,SU9,00:30:00,"{1,2,3,4,5,6,7}"
161,PG0162,BZK,SVO,SU9,00:30:00,"{1,2,3,4,5,6,7}"
162,PG0163,BZK,SVO,SU9,00:30:00,"{1,2,3,4,5,6,7}"
163,PG0164,DME,NUX,SU9,03:10:00,"{1,2,3,4,5,6,7}"
164,PG0165,NUX,DME,SU9,03:10:00,"{1,2,3,4,5,6,7}"
165,PG0166,SVX,MQF,CR2,00:35:00,"{1,2,3,4,5,6,7}"
166,PG0167,MQF,SVX,CR2,00:35:00,"{1,2,3,4,5,6,7}"
167,PG0168,DME,UUS,319,08:50:00,"{1,2,3,4,5,6,7}"
168,PG0169,UUS,DME,319,08:50:00,"{1,2,3,4,5,6,7}"
169,PG0170,YKS,BAX,SU9,03:50:00,{6}
170,PG0171,BAX,YKS,SU9,03:50:00,{7}
171,PG0172,OMS,NBC,CR2,01:55:00,"{1,5}"
172,PG0173,NBC,OMS,CR2,01:55:00,"{3,6}"
173,PG0174,SVO,VOG,SU9,01:15:00,"{1,2,3,4,5,6,7}"
174,PG0175,VOG,SVO,SU9,01:15:00,"{1,2,3,4,5,6,7}"
175,PG0176,VKO,CSY,CR2,00:55:00,"{1,2,3,4,5,6,7}"
176,PG0177,CSY,VKO,CR2,00:55:00,"{1,2,3,4,5,6,7}"
177,PG0178,SVO,GOJ,SU9,00:30:00,"{1,2,3,4,5,6,7}"
178,PG0179,SVO,GOJ,SU9,00:30:00,"{1,2,3,4,5,6,7}"
179,PG0180,GOJ,SVO,SU9,00:30:00,"{1,2,3,4,5,6,7}"
180,PG0181,GOJ,SVO,SU9,00:30:00,"{1,2,3,4,5,6,7}"
181,PG0182,TOF,NOZ,CN1,01:00:00,"{1,2,3,4,5,6,7}"
182,PG0183,NOZ,TOF,CN1,01:00:00,"{1,2,3,4,5,6,7}"
183,PG0184,CEK,VOG,SU9,01:50:00,"{1,2,3,4,5,6,7}"
184,PG0185,VOG,CEK,SU9,01:50:00,"{1,2,3,4,5,6,7}"
185,PG0186,OVB,PEE,319,02:10:00,"{1,2,3,4,5,6,7}"
186,PG0187,PEE,OVB,319,02:10:00,"{1,2,3,4,5,6,7}"
187,PG0188,LED,TJM,CR2,02:55:00,"{1,2,3,4,5,6,7}"
188,PG0189,TJM,LED,CR2,02:55:00,"{1,2,3,4,5,6,7}"
189,PG0190,CEK,SGC,CN1,03:10:00,"{1,2,3,4,5,6,7}"
190,PG0191,CEK,SGC,CN1,03:10:00,"{1,2,3,4,5,6,7}"
191,PG0192,SGC,CEK,CN1,03:10:00,"{1,2,3,4,5,6,7}"
192,PG0193,SGC,CEK,CN1,03:10:00,"{1,2,3,4,5,6,7}"
193,PG0194,AAQ,NOZ,733,05:05:00,{2}
194,PG0195,NOZ,AAQ,733,05:05:00,{1}
195,PG0196,DME,KGD,SU9,01:30:00,"{1,2,3,4,5,6,7}"
196,PG0197,KGD,DME,SU9,01:30:00,"{1,2,3,4,5,6,7}"
197,PG0198,LED,IKT,321,05:50:00,"{1,2,3,4,5,6,7}"
198,PG0199,IKT,LED,321,05:50:00,"{1,2,3,4,5,6,7}"
199,PG0200,VKO,VVO,763,08:25:00,"{1,2,3,4,5,6,7}"
200,PG0201,VVO,VKO,763,08:25:00,"{1,2,3,4,5,6,7}"
201,PG0202,DME,KZN,321,00:55:00,"{1,2,3,4,5,6,7}"
202,PG0203,KZN,DME,321,00:55:00,"{1,2,3,4,5,6,7}"
203,PG0204,OVB,KJA,CN1,02:05:00,"{1,2,3,4,5,6,7}"
204,PG0205,OVB,KJA,CN1,02:05:00,"{1,2,3,4,5,6,7}"
205,PG0206,KJA,OVB,CN1,02:05:00,"{1,2,3,4,5,6,7}"
206,PG0207,KJA,OVB,CN1,02:05:00,"{1,2,3,4,5,6,7}"
207,PG0208,DME,KHV,763,08:00:00,"{1,2,3,4,5,6,7}"
208,PG0209,KHV,DME,763,08:00:00,"{1,2,3,4,5,6,7}"
209,PG0210,DME,MRV,733,01:50:00,"{1,2,3,4,5,6,7}"
210,PG0211,MRV,DME,733,01:50:00,"{1,2,3,4,5,6,7}"
211,PG0212,DME,ROV,321,01:15:00,"{1,2,3,4,5,6,7}"
212,PG0213,DME,ROV,321,01:15:00,"{1,2,3,4,5,6,7}"
213,PG0214,ROV,DME,321,01:15:00,"{1,2,3,4,5,6,7}"
214,PG0215,ROV,DME,321,01:15:00,"{1,2,3,4,5,6,7}"
215,PG0216,DME,KUF,763,01:05:00,"{1,2,3,4,5,6,7}"
216,PG0217,KUF,DME,763,01:05:00,"{1,2,3,4,5,6,7}"
217,PG0218,UFA,HTA,319,04:55:00,"{3,7}"
218,PG0219,HTA,UFA,319,04:55:00,"{3,7}"
219,PG0220,DME,KRR,763,01:30:00,"{1,2,3,4,5,6,7}"
220,PG0221,KRR,DME,763,01:30:00,"{1,2,3,4,5,6,7}"
221,PG0222,DME,OVB,773,03:25:00,"{1,2,3,4,5,6,7}"
222,PG0223,OVB,DME,773,03:25:00,"{1,2,3,4,5,6,7}"
223,PG0224,SVO,AER,773,01:45:00,"{1,2,3,4,5,6,7}"
224,PG0225,SVO,SVX,773,01:45:00,"{1,2,3,4,5,6,7}"
225,PG0226,SVX,SVO,773,01:45:00,"{1,2,3,4,5,6,7}"
226,PG0227,VKO,LED,321,00:50:00,"{1,2,3,4,5,6,7}"
227,PG0228,VKO,LED,321,00:50:00,"{1,2,3,4,5,6,7}"
228,PG0229,VKO,LED,321,00:50:00,"{1,2,3,4,5,6,7}"
229,PG0230,LED,VKO,321,00:50:00,"{1,2,3,4,5,6,7}"
230,PG0231,LED,VKO,321,00:50:00,"{1,2,3,4,5,6,7}"
231,PG0232,LED,VKO,321,00:50:00,"{1,2,3,4,5,6,7}"
232,PG0233,VKO,BZK,SU9,00:25:00,"{1,2,3,4,5,6,7}"
233,PG0234,VKO,BZK,SU9,00:25:00,"{1,2,3,4,5,6,7}"
234,PG0235,VKO,BZK,SU9,00:25:00,"{1,2,3,4,5,6,7}"
235,PG0236,BZK,VKO,SU9,00:25:00,"{1,2,3,4,5,6,7}"
236,PG0237,BZK,VKO,SU9,00:25:00,"{1,2,3,4,5,6,7}"
237,PG0238,BZK,VKO,SU9,00:25:00,"{1,2,3,4,5,6,7}"
238,PG0239,DME,HMA,SU9,02:35:00,"{1,2,3,4,5,6,7}"
239,PG0240,HMA,DME,SU9,02:35:00,"{1,2,3,4,5,6,7}"
240,PG0241,SVO,CSY,SU9,00:50:00,"{1,2,3,4,5,6,7}"
241,PG0242,CSY,SVO,SU9,00:50:00,"{1,2,3,4,5,6,7}"
242,PG0243,LED,YKS,319,06:25:00,"{1,2,3,4,5,6,7}"
243,PG0244,YKS,LED,319,06:25:00,"{1,2,3,4,5,6,7}"
244,PG0245,LED,CNN,319,06:40:00,{7}
245,PG0246,CNN,LED,319,06:40:00,{1}
246,PG0247,GOJ,AER,CR2,02:05:00,"{1,3,6}"
247,PG0248,AER,GOJ,CR2,02:05:00,"{1,4,6}"
248,PG0249,DME,GDZ,CR2,01:45:00,"{2,5,7}"
249,PG0250,GDZ,DME,CR2,01:45:00,"{2,4,6}"
250,PG0251,SVO,AAQ,733,01:40:00,"{1,2,3,4,5,6,7}"
251,PG0252,AAQ,SVO,733,01:40:00,"{1,2,3,4,5,6,7}"
252,PG0253,NBC,CSY,CR2,00:25:00,"{1,2,3,4,5,6,7}"
253,PG0254,CSY,NBC,CR2,00:25:00,"{1,2,3,4,5,6,7}"
254,PG0255,SVO,DYR,319,08:10:00,{6}
255,PG0256,DYR,SVO,319,08:10:00,{4}
256,PG0257,NNM,ARH,CR2,00:55:00,"{1,2,3,4,5,6,7}"
257,PG0258,ARH,NNM,CR2,00:55:00,"{1,2,3,4,5,6,7}"
258,PG0259,CEK,STW,CR2,02:30:00,"{1,3,6}"
259,PG0260,STW,CEK,CR2,02:30:00,"{2,4,7}"
260,PG0261,SVO,GDZ,CR2,01:50:00,"{2,4,7}"
261,PG0262,GDZ,SVO,CR2,01:50:00,"{2,4,6}"
262,PG0263,NUX,HMA,CN1,02:10:00,"{1,2,3,4,5,6,7}"
263,PG0264,NUX,HMA,CN1,02:10:00,"{1,2,3,4,5,6,7}"
264,PG0265,HMA,NUX,CN1,02:10:00,"{1,2,3,4,5,6,7}"
265,PG0266,HMA,NUX,CN1,02:10:00,"{1,2,3,4,5,6,7}"
266,PG0267,GDX,IKT,SU9,03:55:00,"{3,7}"
267,PG0268,IKT,GDX,SU9,03:55:00,"{3,6}"
268,PG0269,VKO,NOJ,CR2,03:15:00,"{2,4,6}"
269,PG0270,NOJ,VKO,CR2,03:15:00,"{2,4,6}"
270,PG0271,LED,VKT,CR2,02:35:00,"{3,7}"
271,PG0272,VKT,LED,CR2,02:35:00,"{3,7}"
272,PG0273,DME,CEK,SU9,02:00:00,"{1,2,3,4,5,6,7}"
273,PG0274,CEK,DME,SU9,02:00:00,"{1,2,3,4,5,6,7}"
274,PG0275,NUX,HTA,CR2,03:40:00,"{1,2,3,4,5,6,7}"
275,PG0276,HTA,NUX,CR2,03:40:00,"{1,2,3,4,5,6,7}"
276,PG0277,SVO,OVB,773,03:25:00,"{1,2,3,4,5,6,7}"
277,PG0278,OVB,SVO,773,03:25:00,"{1,2,3,4,5,6,7}"
278,PG0279,NNM,TJM,CR2,01:50:00,{3}
279,PG0280,TJM,NNM,CR2,01:50:00,{1}
280,PG0281,SVO,PKV,CN1,01:55:00,"{1,2,3,4,5,6,7}"
281,PG0282,PKV,SVO,CN1,01:55:00,"{1,2,3,4,5,6,7}"
282,PG0283,SVO,ULY,CR2,01:05:00,"{1,2,3,4,5,6,7}"
283,PG0284,ULY,SVO,CR2,01:05:00,"{1,2,3,4,5,6,7}"
284,PG0285,LED,KVX,SU9,01:30:00,"{1,2,3,4,5,6,7}"
285,PG0286,KVX,LED,SU9,01:30:00,"{1,2,3,4,5,6,7}"
286,PG0287,OVB,SGC,CR2,01:15:00,"{1,2,3,4,5,6,7}"
287,PG0288,SGC,OVB,CR2,01:15:00,"{1,2,3,4,5,6,7}"
288,PG0289,DME,VKT,CR2,02:45:00,"{1,2,3,4,5,6,7}"
289,PG0290,VKT,DME,CR2,02:45:00,"{1,2,3,4,5,6,7}"
290,PG0291,SVO,NUX,SU9,03:05:00,"{1,2,3,4,5,6,7}"
291,PG0292,NUX,SVO,SU9,03:05:00,"{1,2,3,4,5,6,7}"
292,PG0293,PES,KLF,CN1,02:40:00,"{2,4,6}"
293,PG0294,KLF,PES,CN1,02:40:00,"{2,4,6}"
294,PG0295,OVB,NOZ,SU9,00:25:00,"{1,2,3,4,5,6,7}"
295,PG0296,OVB,NOZ,SU9,00:25:00,"{1,2,3,4,5,6,7}"
296,PG0297,NOZ,OVB,SU9,00:25:00,"{1,2,3,4,5,6,7}"
297,PG0298,NOZ,OVB,SU9,00:25:00,"{1,2,3,4,5,6,7}"
298,PG0299,SVO,ESL,CN1,03:50:00,"{1,2,3,4,5,6,7}"
299,PG0300,ESL,SVO,CN1,03:50:00,"{1,2,3,4,5,6,7}"
300,PG0301,SVO,TJM,SU9,02:15:00,"{1,2,3,4,5,6,7}"
301,PG0302,TJM,SVO,SU9,02:15:00,"{1,2,3,4,5,6,7}"
302,PG0303,SVX,SGC,SU9,01:10:00,"{1,2,3,4,5,6,7}"
303,PG0304,SGC,SVX,SU9,01:10:00,"{1,2,3,4,5,6,7}"
304,PG0305,UFA,ESL,SU9,01:40:00,"{1,2,3,4,5,6,7}"
305,PG0306,ESL,UFA,SU9,01:40:00,"{1,2,3,4,5,6,7}"
306,PG0307,ROV,VOG,SU9,00:30:00,"{1,2,3,4,5,6,7}"
307,PG0308,VOG,ROV,SU9,00:30:00,"{1,2,3,4,5,6,7}"
308,PG0309,NYM,UUD,CR2,03:30:00,"{1,3,6}"
309,PG0310,UUD,NYM,CR2,03:30:00,"{2,4,7}"
310,PG0311,OVB,KVX,SU9,02:45:00,"{1,2,3,4,5,6,7}"
311,PG0312,KVX,OVB,SU9,02:45:00,"{1,2,3,4,5,6,7}"
312,PG0313,ABA,KYZ,CN1,01:00:00,"{2,6}"
313,PG0314,KYZ,ABA,CN1,01:00:00,"{1,4}"
314,PG0315,DME,DYR,319,08:15:00,{1}
315,PG0316,DYR,DME,319,08:15:00,{2}
316,PG0317,SVO,ROV,733,01:20:00,"{1,2,3,4,5,6,7}"
317,PG0318,ROV,SVO,733,01:20:00,"{1,2,3,4,5,6,7}"
318,PG0319,PEE,MRV,SU9,02:20:00,"{1,2,3,4,5,6,7}"
319,PG0320,MRV,PEE,SU9,02:20:00,"{1,2,3,4,5,6,7}"
320,PG0321,NOZ,AER,733,04:55:00,"{2,6}"
321,PG0322,AER,NOZ,733,04:55:00,"{3,6}"
322,PG0323,OVB,RGK,CN1,01:20:00,"{1,2,3,4,5,6,7}"
323,PG0324,RGK,OVB,CN1,01:20:00,"{1,2,3,4,5,6,7}"
324,PG0325,KGP,AER,733,04:15:00,{1}
325,PG0326,AER,KGP,733,04:15:00,{6}
326,PG0327,KHV,VVO,SU9,00:50:00,"{1,2,3,4,5,6,7}"
327,PG0328,VVO,KHV,SU9,00:50:00,"{1,2,3,4,5,6,7}"
328,PG0329,NSK,NYM,CN1,02:30:00,"{1,5}"
329,PG0330,NYM,NSK,CN1,02:30:00,"{1,4}"
330,PG0331,RGK,KRR,733,04:50:00,{7}
331,PG0332,KRR,RGK,733,04:50:00,{3}
332,PG0333,ESL,KGD,CR2,02:45:00,"{3,7}"
333,PG0334,KGD,ESL,CR2,02:45:00,"{2,6}"
334,PG0335,DME,JOK,CN1,02:05:00,"{1,2,3,4,5,6,7}"
335,PG0336,JOK,DME,CN1,02:05:00,"{1,2,3,4,5,6,7}"
336,PG0337,DME,ARH,CR2,01:25:00,"{1,2,3,4,5,6,7}"
337,PG0338,ARH,DME,CR2,01:25:00,"{1,2,3,4,5,6,7}"
338,PG0339,LED,PYJ,733,05:25:00,{1}
339,PG0340,PYJ,LED,733,05:25:00,{2}
340,PG0341,DME,PES,CR2,01:05:00,"{1,2,3,4,5,6,7}"
341,PG0342,PES,DME,CR2,01:05:00,"{1,2,3,4,5,6,7}"
342,PG0343,SVX,MJZ,SU9,04:00:00,"{3,6}"
343,PG0344,MJZ,SVX,SU9,04:00:00,"{3,6}"
344,PG0345,GOJ,KLF,CN1,01:40:00,"{1,4,6}"
345,PG0346,KLF,GOJ,CN1,01:40:00,"{2,4,6}"
346,PG0347,VKO,KEJ,319,04:00:00,"{4,7}"
347,PG0348,KEJ,VKO,319,04:00:00,"{3,6}"
348,PG0349,OSW,HMA,CR2,01:50:00,{4}
349,PG0350,HMA,OSW,CR2,01:50:00,{3}
350,PG0351,KJA,NOZ,CN1,01:25:00,"{1,2,3,4,5,6,7}"
351,PG0352,KJA,NOZ,CN1,01:25:00,"{1,2,3,4,5,6,7}"
352,PG0353,NOZ,KJA,CN1,01:25:00,"{1,2,3,4,5,6,7}"
353,PG0354,NOZ,KJA,CN1,01:25:00,"{1,2,3,4,5,6,7}"
354,PG0355,URJ,TJM,SU9,00:25:00,"{1,2,3,4,5,6,7}"
355,PG0356,LED,KHV,763,08:05:00,"{1,2,3,4,5,6,7}"
356,PG0357,KHV,LED,763,08:05:00,"{1,2,3,4,5,6,7}"
357,PG0358,VKO,SKX,CR2,00:45:00,"{1,2,3,4,5,6,7}"
358,PG0359,SKX,VKO,CR2,00:45:00,"{1,2,3,4,5,6,7}"
359,PG0360,LED,REN,CR2,02:35:00,"{1,2,3,4,5,6,7}"
360,PG0361,REN,LED,CR2,02:35:00,"{1,2,3,4,5,6,7}"
361,PG0362,SVX,IWA,CR2,01:45:00,"{1,4}"
362,PG0363,IWA,SVX,CR2,01:45:00,"{2,6}"
363,PG0364,KRR,ULV,763,01:35:00,"{1,2,3,4,5,6,7}"
364,PG0365,ULV,KRR,763,01:35:00,"{1,2,3,4,5,6,7}"
365,PG0366,EYK,KRO,CN1,03:00:00,"{1,4}"
366,PG0367,KRO,EYK,CN1,03:00:00,"{1,4}"
367,PG0368,DME,NJC,CR2,03:15:00,"{1,2,3,4,5,6,7}"
368,PG0369,NJC,DME,CR2,03:15:00,"{1,2,3,4,5,6,7}"
369,PG0370,DME,KRO,CR2,02:25:00,"{2,4,7}"
370,PG0371,KRO,DME,CR2,02:25:00,"{2,4,7}"
371,PG0372,OSW,ULV,CN1,02:35:00,"{1,3,6}"
372,PG0373,ULV,OSW,CN1,02:35:00,"{2,4,6}"
373,PG0374,IKT,ARH,319,05:00:00,{6}
374,PG0375,ARH,IKT,319,05:00:00,{6}
375,PG0376,OVB,SLY,CR2,02:10:00,"{1,2,3,4,5,6,7}"
376,PG0377,SLY,OVB,CR2,02:10:00,"{1,2,3,4,5,6,7}"
377,PG0378,SVX,NSK,SU9,02:35:00,"{1,2,3,4,5,6,7}"
378,PG0379,NSK,SVX,SU9,02:35:00,"{1,2,3,4,5,6,7}"
379,PG0380,KRR,KGD,CR2,02:25:00,"{3,7}"
380,PG0381,KGD,KRR,CR2,02:25:00,"{3,7}"
381,PG0382,DME,BZK,SU9,00:30:00,"{1,2,3,4,5,6,7}"
382,PG0383,DME,BZK,SU9,00:30:00,"{1,2,3,4,5,6,7}"
383,PG0384,DME,BZK,SU9,00:30:00,"{1,2,3,4,5,6,7}"
384,PG0385,BZK,DME,SU9,00:30:00,"{1,2,3,4,5,6,7}"
385,PG0386,BZK,DME,SU9,00:30:00,"{1,2,3,4,5,6,7}"
386,PG0387,BZK,DME,SU9,00:30:00,"{1,2,3,4,5,6,7}"
387,PG0388,UUA,REN,CR2,00:30:00,"{1,2,3,4,5,6,7}"
388,PG0389,REN,UUA,CR2,00:30:00,"{1,2,3,4,5,6,7}"
389,PG0390,OVB,MJZ,CR2,02:50:00,"{1,2,3,4,5,6,7}"
390,PG0391,MJZ,OVB,CR2,02:50:00,"{1,2,3,4,5,6,7}"
391,PG0392,JOK,KRR,CR2,02:00:00,"{3,6}"
392,PG0393,KRR,JOK,CR2,02:00:00,"{3,7}"
393,PG0394,PEE,CNN,319,05:15:00,{3}
394,PG0395,CNN,PEE,319,05:15:00,{4}
395,PG0396,VKO,VOG,SU9,01:10:00,"{1,2,3,4,5,6,7}"
396,PG0397,VOG,VKO,SU9,01:10:00,"{1,2,3,4,5,6,7}"
397,PG0398,UUS,KHV,CN1,01:55:00,"{1,2,3,4,5,6,7}"
398,PG0399,UUS,KHV,CN1,01:55:00,"{1,2,3,4,5,6,7}"
399,PG0400,KHV,UUS,CN1,01:55:00,"{1,2,3,4,5,6,7}"
400,PG0401,KHV,UUS,CN1,01:55:00,"{1,2,3,4,5,6,7}"
401,PG0402,DME,LED,321,00:55:00,"{1,2,3,4,5,6,7}"
402,PG0403,DME,LED,321,00:55:00,"{1,2,3,4,5,6,7}"
403,PG0404,DME,LED,321,00:55:00,"{1,2,3,4,5,6,7}"
404,PG0405,DME,LED,321,00:55:00,"{1,2,3,4,5,6,7}"
405,PG0406,LED,DME,321,00:55:00,"{1,2,3,4,5,6,7}"
406,PG0407,LED,DME,321,00:55:00,"{1,2,3,4,5,6,7}"
407,PG0408,LED,DME,321,00:55:00,"{1,2,3,4,5,6,7}"
408,PG0409,LED,DME,321,00:55:00,"{1,2,3,4,5,6,7}"
409,PG0410,LED,KLF,CN1,02:15:00,"{1,2,3,4,5,6,7}"
410,PG0411,KLF,LED,CN1,02:15:00,"{1,2,3,4,5,6,7}"
411,PG0412,VKO,PEE,773,01:25:00,"{1,2,3,4,5,6,7}"
412,PG0413,PEE,VKO,773,01:25:00,"{1,2,3,4,5,6,7}"
413,PG0414,VKO,MMK,CR2,02:05:00,"{1,2,3,4,5,6,7}"
414,PG0415,MMK,VKO,CR2,02:05:00,"{1,2,3,4,5,6,7}"
415,PG0416,DME,VOZ,CR2,00:35:00,"{1,2,3,4,5,6,7}"
416,PG0417,VOZ,DME,CR2,00:35:00,"{1,2,3,4,5,6,7}"
417,PG0418,NAL,KRR,CN1,01:15:00,"{1,2,3,4,5,6,7}"
418,PG0419,KRR,NAL,CN1,01:15:00,"{1,2,3,4,5,6,7}"
419,PG0420,IAR,AER,CR2,02:15:00,{3}
420,PG0421,AER,IAR,CR2,02:15:00,{7}
421,PG0422,VKT,SGC,CN1,02:40:00,"{1,2,3,4,5,6,7}"
422,PG0423,VKT,SGC,CN1,02:40:00,"{1,2,3,4,5,6,7}"
423,PG0424,SGC,VKT,CN1,02:40:00,"{1,2,3,4,5,6,7}"
424,PG0425,SGC,VKT,CN1,02:40:00,"{1,2,3,4,5,6,7}"
425,PG0426,CNN,ASF,319,06:50:00,{1}
426,PG0427,ASF,CNN,319,06:50:00,{7}
427,PG0428,TOF,ARH,CR2,03:40:00,"{4,7}"
428,PG0429,ARH,TOF,CR2,03:40:00,"{3,7}"
429,PG0430,PES,LPK,CN1,03:30:00,"{4,7}"
430,PG0431,LPK,PES,CN1,03:30:00,"{1,5}"
431,PG0432,SVO,RGK,733,04:20:00,{3}
432,PG0433,RGK,SVO,733,04:20:00,{1}
433,PG0434,SVX,KYZ,CR2,03:10:00,{7}
434,PG0435,KYZ,SVX,CR2,03:10:00,{6}
435,PG0436,LED,IAR,CN1,02:00:00,"{1,2,3,4,5,6,7}"
436,PG0437,IAR,LED,CN1,02:00:00,"{1,2,3,4,5,6,7}"
437,PG0438,LED,TBW,CN1,03:25:00,"{1,2,3,4,5,6,7}"
438,PG0439,LED,TBW,CN1,03:25:00,"{1,2,3,4,5,6,7}"
439,PG0440,TBW,LED,CN1,03:25:00,"{1,2,3,4,5,6,7}"
440,PG0441,TBW,LED,CN1,03:25:00,"{1,2,3,4,5,6,7}"
441,PG0442,VKO,NFG,CR2,03:00:00,"{3,7}"
442,PG0443,NFG,VKO,CR2,03:00:00,"{3,7}"
443,PG0444,OVS,TJM,CN1,01:30:00,"{1,2,3,4,5,6,7}"
444,PG0445,TJM,OVS,CN1,01:30:00,"{1,2,3,4,5,6,7}"
445,PG0446,KZN,MRV,CR2,01:55:00,"{2,6}"
446,PG0447,MRV,KZN,CR2,01:55:00,"{3,6}"
447,PG0448,VKO,STW,CR2,01:45:00,"{2,4,7}"
448,PG0449,STW,VKO,CR2,01:45:00,"{2,5,7}"
449,PG0450,VKO,DYR,319,08:15:00,{2}
450,PG0451,DYR,VKO,319,08:15:00,{7}
451,PG0452,SVO,BAX,SU9,03:55:00,"{3,7}"
452,PG0453,BAX,SVO,SU9,03:55:00,"{3,6}"
453,PG0454,DME,URS,SU9,00:35:00,"{1,2,3,4,5,6,7}"
454,PG0455,URS,DME,SU9,00:35:00,"{1,2,3,4,5,6,7}"
455,PG0456,SVO,PES,CN1,02:15:00,"{1,2,3,4,5,6,7}"
456,PG0457,SVO,PES,CN1,02:15:00,"{1,2,3,4,5,6,7}"
457,PG0458,PES,SVO,CN1,02:15:00,"{1,2,3,4,5,6,7}"
458,PG0459,PES,SVO,CN1,02:15:00,"{1,2,3,4,5,6,7}"
459,PG0460,SVO,ULV,SU9,00:55:00,"{1,2,3,4,5,6,7}"
460,PG0461,SVO,ULV,SU9,00:55:00,"{1,2,3,4,5,6,7}"
461,PG0462,ULV,SVO,SU9,00:55:00,"{1,2,3,4,5,6,7}"
462,PG0463,ULV,SVO,SU9,00:55:00,"{1,2,3,4,5,6,7}"
463,PG0464,RTW,ULY,CN1,01:15:00,"{1,2,3,4,5,6,7}"
464,PG0465,RTW,ULY,CN1,01:15:00,"{1,2,3,4,5,6,7}"
465,PG0466,ULY,RTW,CN1,01:15:00,"{1,2,3,4,5,6,7}"
466,PG0467,ULY,RTW,CN1,01:15:00,"{1,2,3,4,5,6,7}"
467,PG0468,SVO,LED,321,00:50:00,"{1,2,3,4,5,6,7}"
468,PG0469,SVO,LED,321,00:50:00,"{1,2,3,4,5,6,7}"
469,PG0470,SVO,LED,321,00:50:00,"{1,2,3,4,5,6,7}"
470,PG0471,SVO,LED,321,00:50:00,"{1,2,3,4,5,6,7}"
471,PG0472,SVO,LED,321,00:50:00,"{1,2,3,4,5,6,7}"
472,PG0473,LED,SVO,321,00:50:00,"{1,2,3,4,5,6,7}"
473,PG0474,LED,SVO,321,00:50:00,"{1,2,3,4,5,6,7}"
474,PG0475,LED,SVO,321,00:50:00,"{1,2,3,4,5,6,7}"
475,PG0476,LED,SVO,321,00:50:00,"{1,2,3,4,5,6,7}"
476,PG0477,LED,SVO,321,00:50:00,"{1,2,3,4,5,6,7}"
477,PG0478,OMS,VKT,CR2,02:05:00,"{1,2,3,4,5,6,7}"
478,PG0479,VKT,OMS,CR2,02:05:00,"{1,2,3,4,5,6,7}"
479,PG0480,AAQ,EGO,SU9,00:50:00,"{1,2,3,4,5,6,7}"
480,PG0481,EGO,AAQ,SU9,00:50:00,"{1,2,3,4,5,6,7}"
481,PG0482,DME,KEJ,SU9,04:00:00,"{2,4,7}"
482,PG0483,KEJ,DME,SU9,04:00:00,"{2,4,6}"
483,PG0484,ROV,AER,SU9,00:35:00,"{1,2,3,4,5,6,7}"
484,PG0485,ROV,AER,SU9,00:35:00,"{1,2,3,4,5,6,7}"
485,PG0486,AER,ROV,SU9,00:35:00,"{1,2,3,4,5,6,7}"
486,PG0487,AER,ROV,SU9,00:35:00,"{1,2,3,4,5,6,7}"
487,PG0488,LED,CSY,SU9,01:25:00,"{1,2,3,4,5,6,7}"
488,PG0489,CSY,LED,SU9,01:25:00,"{1,2,3,4,5,6,7}"
489,PG0490,ABA,ARH,319,04:00:00,{6}
490,PG0491,ARH,ABA,319,04:00:00,{6}
491,PG0492,PEE,ARH,CN1,03:35:00,"{1,2,3,4,5,6,7}"
492,PG0493,PEE,ARH,CN1,03:35:00,"{1,2,3,4,5,6,7}"
493,PG0494,ARH,PEE,CN1,03:35:00,"{1,2,3,4,5,6,7}"
494,PG0495,ARH,PEE,CN1,03:35:00,"{1,2,3,4,5,6,7}"
495,PG0496,SVO,JOK,CN1,02:10:00,"{1,2,3,4,5,6,7}"
496,PG0497,JOK,SVO,CN1,02:10:00,"{1,2,3,4,5,6,7}"
497,PG0498,KZN,IKT,319,04:40:00,"{1,2,3,4,5,6,7}"
498,PG0499,IKT,KZN,319,04:40:00,"{1,2,3,4,5,6,7}"
499,PG0500,NOZ,KRR,733,04:55:00,{1}
500,PG0501,KJA,AER,319,05:10:00,"{4,7}"
501,PG0502,AER,KJA,319,05:10:00,"{3,7}"
502,PG0503,SVO,OMS,SU9,03:00:00,"{1,2,3,4,5,6,7}"
503,PG0504,OMS,SVO,SU9,03:00:00,"{1,2,3,4,5,6,7}"
504,PG0505,SVO,KGD,733,01:30:00,"{1,2,3,4,5,6,7}"
505,PG0506,KGD,SVO,733,01:30:00,"{1,2,3,4,5,6,7}"
506,PG0507,LED,KZN,SU9,01:40:00,"{1,2,3,4,5,6,7}"
507,PG0508,KZN,LED,SU9,01:40:00,"{1,2,3,4,5,6,7}"
508,PG0509,DME,ESL,SU9,01:30:00,"{1,2,3,4,5,6,7}"
509,PG0510,ESL,DME,SU9,01:30:00,"{1,2,3,4,5,6,7}"
510,PG0511,NAL,GOJ,CR2,02:00:00,"{1,2,3,4,5,6,7}"
511,PG0512,GOJ,NAL,CR2,02:00:00,"{1,2,3,4,5,6,7}"
512,PG0513,SVO,PEZ,CN1,01:55:00,"{1,2,3,4,5,6,7}"
513,PG0514,PEZ,SVO,CN1,01:55:00,"{1,2,3,4,5,6,7}"
514,PG0515,VKO,MQF,CR2,02:00:00,"{1,2,3,4,5,6,7}"
515,PG0516,MQF,VKO,CR2,02:00:00,"{1,2,3,4,5,6,7}"
516,PG0517,DME,SCW,763,01:20:00,"{1,2,3,4,5,6,7}"
517,PG0518,SCW,DME,763,01:20:00,"{1,2,3,4,5,6,7}"
518,PG0519,DME,ABA,319,04:25:00,"{2,6}"
519,PG0520,ABA,DME,319,04:25:00,"{3,7}"
520,PG0521,KUF,AER,733,01:50:00,"{1,2,3,4,5,6,7}"
521,PG0522,AER,KUF,733,01:50:00,"{1,2,3,4,5,6,7}"
522,PG0523,LED,ESL,CR2,02:30:00,"{3,6}"
523,PG0524,ESL,LED,CR2,02:30:00,"{4,7}"
524,PG0525,KZN,MCX,CR2,02:00:00,"{4,7}"
525,PG0526,MCX,KZN,CR2,02:00:00,"{3,6}"
526,PG0527,ROV,GDZ,CN1,01:05:00,"{4,7}"
527,PG0528,GDZ,ROV,CN1,01:05:00,"{3,6}"
528,PG0529,SVO,UFA,763,01:30:00,"{1,2,3,4,5,6,7}"
529,PG0530,UFA,SVO,763,01:30:00,"{1,2,3,4,5,6,7}"
530,PG0531,YKS,UUD,CR2,02:30:00,"{3,7}"
531,PG0532,UUD,YKS,CR2,02:30:00,"{1,4}"
532,PG0533,ESL,REN,CN1,03:20:00,"{1,2,3,4,5,6,7}"
533,PG0534,REN,ESL,CN1,03:20:00,"{1,2,3,4,5,6,7}"
534,PG0535,NUX,NOJ,CN1,01:05:00,"{1,2,3,4,5,6,7}"
535,PG0536,NUX,NOJ,CN1,01:05:00,"{1,2,3,4,5,6,7}"
536,PG0537,NOJ,NUX,CN1,01:05:00,"{1,2,3,4,5,6,7}"
537,PG0538,NOJ,NUX,CN1,01:05:00,"{1,2,3,4,5,6,7}"
538,PG0539,VKO,BAX,SU9,03:55:00,"{1,4,6}"
539,PG0540,BAX,VKO,SU9,03:55:00,"{2,5,7}"
540,PG0541,DME,OVS,SU9,02:10:00,"{1,2,3,4,5,6,7}"
541,PG0542,DME,OVS,SU9,02:10:00,"{1,2,3,4,5,6,7}"
542,PG0543,OVS,DME,SU9,02:10:00,"{1,2,3,4,5,6,7}"
543,PG0544,OVS,DME,SU9,02:10:00,"{1,2,3,4,5,6,7}"
544,PG0545,CEK,IKT,SU9,03:45:00,"{2,6}"
545,PG0546,IKT,CEK,SU9,03:45:00,"{3,7}"
546,PG0547,SVO,KJA,319,04:25:00,"{1,2,3,4,5,6,7}"
547,PG0548,KJA,SVO,319,04:25:00,"{1,2,3,4,5,6,7}"
548,PG0549,SVO,OGZ,CR2,02:10:00,"{1,2,3,4,5,6,7}"
549,PG0550,OGZ,SVO,CR2,02:10:00,"{1,2,3,4,5,6,7}"
550,PG0551,PYJ,KEJ,CR2,02:40:00,{7}
551,PG0552,KEJ,PYJ,CR2,02:40:00,{1}
552,PG0553,VKO,REN,SU9,01:40:00,"{1,2,3,4,5,6,7}"
553,PG0554,REN,VKO,SU9,01:40:00,"{1,2,3,4,5,6,7}"
554,PG0555,MJZ,IKT,CR2,01:50:00,"{1,2,3,4,5,6,7}"
555,PG0556,IKT,MJZ,CR2,01:50:00,"{1,2,3,4,5,6,7}"
556,PG0557,ROV,PES,CR2,02:20:00,{6}
557,PG0558,PES,ROV,CR2,02:20:00,{1}
558,PG0559,ROV,EGO,CN1,01:25:00,"{1,2,3,4,5,6,7}"
559,PG0560,EGO,ROV,CN1,01:25:00,"{1,2,3,4,5,6,7}"
560,PG0561,VKO,AER,763,01:45:00,"{1,2,3,4,5,6,7}"
561,PG0562,AER,VKO,763,01:45:00,"{1,2,3,4,5,6,7}"
562,PG0563,UFA,UCT,CN1,03:15:00,"{1,2,3,4,5,6,7}"
563,PG0564,UFA,UCT,CN1,03:15:00,"{1,2,3,4,5,6,7}"
564,PG0565,UCT,UFA,CN1,03:15:00,"{1,2,3,4,5,6,7}"
565,PG0566,UCT,UFA,CN1,03:15:00,"{1,2,3,4,5,6,7}"
566,PG0567,UFA,OVS,CR2,01:15:00,"{1,2,3,4,5,6,7}"
567,PG0568,OVS,UFA,CR2,01:15:00,"{1,2,3,4,5,6,7}"
568,PG0569,SVX,SCW,733,01:05:00,"{1,2,3,4,5,6,7}"
569,PG0570,SCW,SVX,733,01:05:00,"{1,2,3,4,5,6,7}"
570,PG0571,LED,GOJ,SU9,01:10:00,"{1,2,3,4,5,6,7}"
571,PG0572,GOJ,LED,SU9,01:10:00,"{1,2,3,4,5,6,7}"
572,PG0573,OVB,HMA,CN1,03:25:00,"{1,2,3,4,5,6,7}"
573,PG0574,OVB,HMA,CN1,03:25:00,"{1,2,3,4,5,6,7}"
574,PG0575,HMA,OVB,CN1,03:25:00,"{1,2,3,4,5,6,7}"
575,PG0576,HMA,OVB,CN1,03:25:00,"{1,2,3,4,5,6,7}"
576,PG0577,EYK,TJM,CN1,02:20:00,"{2,4,6}"
577,PG0578,TJM,EYK,CN1,02:20:00,"{1,4,6}"
578,PG0579,KZN,PKV,CR2,01:50:00,{3}
579,PG0580,PKV,KZN,CR2,01:50:00,{7}
580,PG0581,YKS,UUS,CR2,02:40:00,"{3,7}"
581,PG0582,UUS,YKS,CR2,02:40:00,"{4,7}"
582,PG0583,OVB,ABA,CN1,01:55:00,"{1,2,3,4,5,6,7}"
583,PG0584,OVB,ABA,CN1,01:55:00,"{1,2,3,4,5,6,7}"
584,PG0585,ABA,OVB,CN1,01:55:00,"{1,2,3,4,5,6,7}"
585,PG0586,ABA,OVB,CN1,01:55:00,"{1,2,3,4,5,6,7}"
586,PG0587,SVX,PEE,SU9,00:25:00,"{1,2,3,4,5,6,7}"
587,PG0588,SVX,PEE,SU9,00:25:00,"{1,2,3,4,5,6,7}"
588,PG0589,PEE,SVX,SU9,00:25:00,"{1,2,3,4,5,6,7}"
589,PG0590,PEE,SVX,SU9,00:25:00,"{1,2,3,4,5,6,7}"
590,PG0591,SVO,TOF,SU9,03:55:00,"{1,2,3,4,5,6,7}"
591,PG0592,TOF,SVO,SU9,03:55:00,"{1,2,3,4,5,6,7}"
592,PG0593,DME,KVX,CN1,02:30:00,"{1,2,3,4,5,6,7}"
593,PG0594,KVX,DME,CN1,02:30:00,"{1,2,3,4,5,6,7}"
594,PG0595,BAX,ASF,CR2,03:45:00,"{3,6}"
595,PG0596,ASF,BAX,CR2,03:45:00,"{3,6}"
596,PG0597,SVX,UIK,CR2,03:30:00,"{1,4}"
597,PG0598,UIK,SVX,CR2,03:30:00,"{1,4}"
598,PG0599,SVX,HMA,SU9,00:55:00,"{1,2,3,4,5,6,7}"
599,PG0600,HMA,SVX,SU9,00:55:00,"{1,2,3,4,5,6,7}"
600,PG0601,PEZ,AER,CN1,03:45:00,"{1,2,3,4,5,6,7}"
601,PG0602,AER,PEZ,CN1,03:45:00,"{1,2,3,4,5,6,7}"
602,PG0603,IKT,SGC,CR2,03:00:00,"{1,2,3,4,5,6,7}"
603,PG0604,SGC,IKT,CR2,03:00:00,"{1,2,3,4,5,6,7}"
604,PG0605,DME,ULV,SU9,00:55:00,"{1,2,3,4,5,6,7}"
605,PG0606,ULV,DME,SU9,00:55:00,"{1,2,3,4,5,6,7}"
606,PG0607,DME,ASF,CR2,01:45:00,"{1,2,3,4,5,6,7}"
607,PG0608,ASF,DME,CR2,01:45:00,"{1,2,3,4,5,6,7}"
608,PG0609,KZN,ROV,CN1,03:40:00,"{1,2,3,4,5,6,7}"
609,PG0610,KZN,ROV,CN1,03:40:00,"{1,2,3,4,5,6,7}"
610,PG0611,ROV,KZN,CN1,03:40:00,"{1,2,3,4,5,6,7}"
611,PG0612,ROV,KZN,CN1,03:40:00,"{1,2,3,4,5,6,7}"
612,PG0613,URS,SGC,CR2,03:30:00,"{3,6}"
613,PG0614,SGC,URS,CR2,03:30:00,"{3,6}"
614,PG0615,NOZ,CEE,SU9,04:00:00,{6}
615,PG0616,CEE,NOZ,SU9,04:00:00,{7}
616,PG0617,AER,EGO,CN1,02:45:00,"{1,2,3,4,5,6,7}"
617,PG0618,AER,EGO,CN1,02:45:00,"{1,2,3,4,5,6,7}"
618,PG0619,EGO,AER,CN1,02:45:00,"{1,2,3,4,5,6,7}"
619,PG0620,EGO,AER,CN1,02:45:00,"{1,2,3,4,5,6,7}"
620,PG0621,KZN,MQF,CR2,00:55:00,"{1,2,3,4,5,6,7}"
621,PG0622,MQF,KZN,CR2,00:55:00,"{1,2,3,4,5,6,7}"
622,PG0623,KJA,NUX,CR2,02:00:00,"{3,7}"
623,PG0624,NUX,KJA,CR2,02:00:00,"{1,4}"
624,PG0625,KJA,UIK,CN1,02:05:00,"{1,2,3,4,5,6,7}"
625,PG0626,KJA,UIK,CN1,02:05:00,"{1,2,3,4,5,6,7}"
626,PG0627,UIK,KJA,CN1,02:05:00,"{1,2,3,4,5,6,7}"
627,PG0628,UIK,KJA,CN1,02:05:00,"{1,2,3,4,5,6,7}"
628,PG0629,DME,USK,CR2,02:15:00,{7}
629,PG0630,USK,DME,CR2,02:15:00,{1}
630,PG0631,PES,TJM,CR2,02:35:00,"{1,2,3,4,5,6,7}"
631,PG0632,TJM,PES,CR2,02:35:00,"{1,2,3,4,5,6,7}"
632,PG0633,NUX,KGP,CN1,01:25:00,"{1,2,3,4,5,6,7}"
633,PG0634,KGP,NUX,CN1,01:25:00,"{1,2,3,4,5,6,7}"
634,PG0635,ROV,NYA,CR2,03:20:00,{6}
635,PG0636,NYA,ROV,CR2,03:20:00,{1}
636,PG0637,SVO,KVX,SU9,01:00:00,"{1,2,3,4,5,6,7}"
637,PG0638,KVX,SVO,SU9,01:00:00,"{1,2,3,4,5,6,7}"
638,PG0639,DME,NYM,CR2,03:05:00,"{1,2,3,4,5,6,7}"
639,PG0640,NYM,DME,CR2,03:05:00,"{1,2,3,4,5,6,7}"
640,PG0641,NJC,OVS,CR2,01:00:00,"{1,2,3,4,5,6,7}"
641,PG0642,OVS,NJC,CR2,01:00:00,"{1,2,3,4,5,6,7}"
642,PG0643,SVO,NYA,CR2,02:30:00,{7}
643,PG0644,NYA,SVO,CR2,02:30:00,{7}
644,PG0645,DME,RTW,CR2,01:00:00,"{1,2,3,4,5,6,7}"
645,PG0646,RTW,DME,CR2,01:00:00,"{1,2,3,4,5,6,7}"
646,PG0647,SVO,UUA,CR2,01:25:00,"{1,2,3,4,5,6,7}"
647,PG0648,UUA,SVO,CR2,01:25:00,"{1,2,3,4,5,6,7}"
648,PG0649,BZK,EGO,SU9,00:25:00,"{1,2,3,4,5,6,7}"
649,PG0650,EGO,BZK,SU9,00:25:00,"{1,2,3,4,5,6,7}"
650,PG0651,UIK,KHV,CR2,03:25:00,"{2,4,7}"
651,PG0652,KHV,UIK,CR2,03:25:00,"{2,4,6}"
652,PG0653,KJA,BAX,CN1,02:10:00,"{1,2,3,4,5,6,7}"
653,PG0654,BAX,KJA,CN1,02:10:00,"{1,2,3,4,5,6,7}"
654,PG0655,OVB,MQF,CR2,02:15:00,"{1,2,3,4,5,6,7}"
655,PG0656,MQF,OVB,CR2,02:15:00,"{1,2,3,4,5,6,7}"
656,PG0657,DME,MCX,CR2,02:15:00,"{1,2,3,4,5,6,7}"
657,PG0658,MCX,DME,CR2,02:15:00,"{1,2,3,4,5,6,7}"
658,PG0659,IKT,VVO,CR2,03:15:00,"{1,2,3,4,5,6,7}"
659,PG0660,VVO,IKT,CR2,03:15:00,"{1,2,3,4,5,6,7}"
660,PG0661,SVO,NOJ,CR2,03:10:00,"{2,6}"
661,PG0662,NOJ,SVO,CR2,03:10:00,"{4,7}"
662,PG0663,SVO,KEJ,SU9,04:00:00,"{2,5}"
663,PG0664,KEJ,SVO,SU9,04:00:00,"{2,6}"
664,PG0665,VOG,CSY,CN1,02:45:00,"{1,2,3,4,5,6,7}"
665,PG0666,CSY,VOG,CN1,02:45:00,"{1,2,3,4,5,6,7}"
666,PG0667,SVO,KRO,CR2,02:30:00,"{4,7}"
667,PG0668,KRO,SVO,CR2,02:30:00,"{4,7}"
668,PG0669,VKO,KRO,CR2,02:30:00,"{1,2,3,4,5,6,7}"
669,PG0670,KRO,VKO,CR2,02:30:00,"{1,2,3,4,5,6,7}"
670,PG0671,VKO,OMS,CR2,03:15:00,"{1,2,3,4,5,6,7}"
671,PG0672,OMS,VKO,CR2,03:15:00,"{1,2,3,4,5,6,7}"
672,PG0673,KJA,KRO,CR2,02:25:00,"{1,2,3,4,5,6,7}"
673,PG0674,KRO,KJA,CR2,02:25:00,"{1,2,3,4,5,6,7}"
674,PG0675,CEK,PEE,CR2,00:40:00,"{1,2,3,4,5,6,7}"
675,PG0676,PEE,CEK,CR2,00:40:00,"{1,2,3,4,5,6,7}"
676,PG0677,SVO,MCX,733,02:15:00,"{1,2,3,4,5,6,7}"
677,PG0678,MCX,SVO,733,02:15:00,"{1,2,3,4,5,6,7}"
678,PG0679,SVO,NNM,CR2,02:10:00,"{1,2,3,4,5,6,7}"
679,PG0680,NNM,SVO,CR2,02:10:00,"{1,2,3,4,5,6,7}"
680,PG0681,NYM,NOZ,CR2,02:10:00,"{3,7}"
681,PG0682,NOZ,NYM,CR2,02:10:00,"{3,6}"
682,PG0683,PEE,ULV,SU9,00:50:00,"{1,2,3,4,5,6,7}"
683,PG0684,ULV,PEE,SU9,00:50:00,"{1,2,3,4,5,6,7}"
684,PG0685,LED,OVS,CR2,02:35:00,"{1,2,3,4,5,6,7}"
685,PG0686,OVS,LED,CR2,02:35:00,"{1,2,3,4,5,6,7}"
686,PG0687,HMA,ARH,CR2,02:10:00,"{3,7}"
687,PG0688,ARH,HMA,CR2,02:10:00,"{3,7}"
688,PG0689,KJA,OVS,SU9,02:20:00,"{1,2,3,4,5,6,7}"
689,PG0690,OVS,KJA,SU9,02:20:00,"{1,2,3,4,5,6,7}"
690,PG0691,HMA,KVX,CN1,03:45:00,"{1,2,3,4,5,6,7}"
691,PG0692,KVX,HMA,CN1,03:45:00,"{1,2,3,4,5,6,7}"
692,PG0693,ROV,TOF,319,04:15:00,{6}
693,PG0694,TOF,ROV,319,04:15:00,{1}
694,PG0695,VOG,TOF,SU9,03:50:00,{1}
695,PG0696,TOF,VOG,SU9,03:50:00,{2}
696,PG0697,PEE,GOJ,SU9,01:00:00,"{1,2,3,4,5,6,7}"
697,PG0698,GOJ,PEE,SU9,01:00:00,"{1,2,3,4,5,6,7}"
698,PG0699,YKS,MJZ,CR2,01:10:00,"{1,2,3,4,5,6,7}"
699,PG0700,MJZ,YKS,CR2,01:10:00,"{1,2,3,4,5,6,7}"
700,PG0701,GRV,ABA,733,04:50:00,{2}
701,PG0702,ABA,GRV,733,04:50:00,{3}
702,PG0703,SVO,UUS,319,08:45:00,"{1,2,3,4,5,6,7}"
703,PG0704,UUS,SVO,319,08:45:00,"{1,2,3,4,5,6,7}"
704,PG0705,SCW,GDX,763,06:25:00,{7}
705,PG0706,GDX,SCW,763,06:25:00,{2}
706,PG0707,OVS,SGC,733,00:45:00,"{1,2,3,4,5,6,7}"
707,PG0708,SGC,OVS,733,00:45:00,"{1,2,3,4,5,6,7}"
708,PG0709,DME,CNN,319,06:40:00,{1}
709,PG0710,CNN,DME,319,06:40:00,{2}
